step,op,left,right,value
1,S,0,0,2
2,M,1,0,3
3,S,2,2,6
4,S,3,3,12
5,S,4,4,24
6,S,5,5,48
7,S,6,6,96
8,S,7,7,192
9,M,8,2,195
10,S,9,9,390
11,S,10,10,780
12,S,11,11,1560
13,M,12,2,1563
14,M,13,8,1755
15,M,14,8,1947
16,M,14,11,2535
17,M,16,1,2537
18,M,16,12,4095
19,S,18,18,8190
20,S,19,19,16380
21,S,20,20,32760
22,S,21,21,65520
23,S,22,22,131040
24,S,23,23,262080
25,S,24,24,524160
26,S,25,25,1048320
27,S,26,26,2096640
28,S,27,27,4193280
29,S,28,28,8386560
30,S,29,29,16773120
31,M,30,18,16777215
32,S,31,31,33554430
33,S,32,32,67108860
34,S,33,33,134217720
35,S,34,34,268435440
36,S,35,35,536870880
37,S,36,36,1073741760
38,S,37,37,2147483520
39,S,38,38,4294967040
40,S,39,39,8589934080
41,S,40,40,17179868160
42,S,41,41,34359736320
43,S,42,42,68719472640
44,S,43,43,137438945280
45,S,44,44,274877890560
46,S,45,45,549755781120
47,S,46,46,1099511562240
48,S,47,47,2199023124480
49,S,48,48,4398046248960
50,S,49,49,8796092497920
51,S,50,50,17592184995840
52,S,51,51,35184369991680
53,S,52,52,70368739983360
54,S,53,53,140737479966720
55,S,54,54,281474959933440
56,M,55,31,281474976710655
57,S,56,56,562949953421310
58,S,57,57,1125899906842620
59,S,58,58,2251799813685240
60,S,59,59,4503599627370480
61,S,60,60,9007199254740960
62,S,61,61,18014398509481920
63,S,62,62,36028797018963840
64,S,63,63,72057594037927680
65,S,64,64,144115188075855360
66,S,65,65,288230376151710720
67,S,66,66,576460752303421440
68,S,67,67,1152921504606842880
69,S,68,68,2305843009213685760
70,S,69,69,4611686018427371520
71,S,70,70,9223372036854743040
72,S,71,71,18446744073709486080
73,S,72,72,36893488147418972160
74,S,73,73,73786976294837944320
75,S,74,74,147573952589675888640
76,S,75,75,295147905179351777280
77,S,76,76,590295810358703554560
78,S,77,77,1180591620717407109120
79,S,78,78,2361183241434814218240
80,S,79,79,4722366482869628436480
81,S,80,80,9444732965739256872960
82,S,81,81,18889465931478513745920
83,S,82,82,37778931862957027491840
84,S,83,83,75557863725914054983680
85,S,84,84,151115727451828109967360
86,S,85,85,302231454903656219934720
87,S,86,86,604462909807312439869440
88,S,87,87,1208925819614624879738880
89,S,88,88,2417851639229249759477760
90,S,89,89,4835703278458499518955520
91,S,90,90,9671406556916999037911040
92,S,91,91,19342813113833998075822080
93,S,92,92,38685626227667996151644160
94,S,93,93,77371252455335992303288320
95,S,94,94,154742504910671984606576640
96,S,95,95,309485009821343969213153280
97,S,96,96,618970019642687938426306560
98,S,97,97,1237940039285375876852613120
99,S,98,98,2475880078570751753705226240
100,S,99,99,4951760157141503507410452480
101,S,100,100,9903520314283007014820904960
102,S,101,101,19807040628566014029641809920
103,S,102,102,39614081257132028059283619840
104,S,103,103,79228162514264056118567239680
105,M,104,56,79228162514264337593543950335
106,S,105,105,158456325028528675187087900670
107,S,106,106,316912650057057350374175801340
108,S,107,107,633825300114114700748351602680
109,S,108,108,1267650600228229401496703205360
110,S,109,109,2535301200456458802993406410720
111,S,110,110,5070602400912917605986812821440
112,S,111,111,10141204801825835211973625642880
113,S,112,112,20282409603651670423947251285760
114,S,113,113,40564819207303340847894502571520
115,S,114,114,81129638414606681695789005143040
116,S,115,115,162259276829213363391578010286080
117,S,116,116,324518553658426726783156020572160
118,S,117,117,649037107316853453566312041144320
119,S,118,118,1298074214633706907132624082288640
120,S,119,119,2596148429267413814265248164577280
121,S,120,120,5192296858534827628530496329154560
122,S,121,121,10384593717069655257060992658309120
123,S,122,122,20769187434139310514121985316618240
124,S,123,123,41538374868278621028243970633236480
125,S,124,124,83076749736557242056487941266472960
126,S,125,125,166153499473114484112975882532945920
127,S,126,126,332306998946228968225951765065891840
128,S,127,127,664613997892457936451903530131783680
129,S,128,128,1329227995784915872903807060263567360
130,S,129,129,2658455991569831745807614120527134720
131,S,130,130,5316911983139663491615228241054269440
132,S,131,131,10633823966279326983230456482108538880
133,S,132,132,21267647932558653966460912964217077760
134,S,133,133,42535295865117307932921825928434155520
135,S,134,134,85070591730234615865843651856868311040
136,S,135,135,170141183460469231731687303713736622080
137,S,136,136,340282366920938463463374607427473244160
138,S,137,137,680564733841876926926749214854946488320
139,S,138,138,1361129467683753853853498429709892976640
140,S,139,139,2722258935367507707706996859419785953280
141,S,140,140,5444517870735015415413993718839571906560
142,S,141,141,10889035741470030830827987437679143813120
143,S,142,142,21778071482940061661655974875358287626240
144,S,143,143,43556142965880123323311949750716575252480
145,S,144,144,87112285931760246646623899501433150504960
146,S,145,145,174224571863520493293247799002866301009920
147,S,146,146,348449143727040986586495598005732602019840
148,S,147,147,696898287454081973172991196011465204039680
149,S,148,148,1393796574908163946345982392022930408079360
150,S,149,149,2787593149816327892691964784045860816158720
151,S,150,150,5575186299632655785383929568091721632317440
152,S,151,151,11150372599265311570767859136183443264634880
153,S,152,152,22300745198530623141535718272366886529269760
154,S,153,153,44601490397061246283071436544733773058539520
155,S,154,154,89202980794122492566142873089467546117079040
156,S,155,155,178405961588244985132285746178935092234158080
157,S,156,156,356811923176489970264571492357870184468316160
158,S,157,157,713623846352979940529142984715740368936632320
159,S,158,158,1427247692705959881058285969431480737873264640
160,S,159,159,2854495385411919762116571938862961475746529280
161,S,160,160,5708990770823839524233143877725922951493058560
162,S,161,161,11417981541647679048466287755451845902986117120
163,S,162,162,22835963083295358096932575510903691805972234240
164,S,163,163,45671926166590716193865151021807383611944468480
165,S,164,164,91343852333181432387730302043614767223888936960
166,S,165,165,182687704666362864775460604087229534447777873920
167,S,166,166,365375409332725729550921208174459068895555747840
168,S,167,167,730750818665451459101842416348918137791111495680
169,S,168,168,1461501637330902918203684832697836275582222991360
170,S,169,169,2923003274661805836407369665395672551164445982720
171,S,170,170,5846006549323611672814739330791345102328891965440
172,S,171,171,11692013098647223345629478661582690204657783930880
173,S,172,172,23384026197294446691258957323165380409315567861760
174,S,173,173,46768052394588893382517914646330760818631135723520
175,S,174,174,93536104789177786765035829292661521637262271447040
176,S,175,175,187072209578355573530071658585323043274524542894080
177,S,176,176,374144419156711147060143317170646086549049085788160
178,S,177,177,748288838313422294120286634341292173098098171576320
179,S,178,178,1496577676626844588240573268682584346196196343152640
180,S,179,179,2993155353253689176481146537365168692392392686305280
181,S,180,180,5986310706507378352962293074730337384784785372610560
182,S,181,181,11972621413014756705924586149460674769569570745221120
183,S,182,182,23945242826029513411849172298921349539139141490442240
184,S,183,183,47890485652059026823698344597842699078278282980884480
185,S,184,184,95780971304118053647396689195685398156556565961768960
186,S,185,185,191561942608236107294793378391370796313113131923537920
187,S,186,186,383123885216472214589586756782741592626226263847075840
188,S,187,187,766247770432944429179173513565483185252452527694151680
189,S,188,188,1532495540865888858358347027130966370504905055388303360
190,S,189,189,3064991081731777716716694054261932741009810110776606720
191,S,190,190,6129982163463555433433388108523865482019620221553213440
192,S,191,191,12259964326927110866866776217047730964039240443106426880
193,S,192,192,24519928653854221733733552434095461928078480886212853760
194,S,193,193,49039857307708443467467104868190923856156961772425707520
195,S,194,194,98079714615416886934934209736381847712313923544851415040
196,S,195,195,196159429230833773869868419472763695424627847089702830080
197,S,196,196,392318858461667547739736838945527390849255694179405660160
198,S,197,197,784637716923335095479473677891054781698511388358811320320
199,S,198,198,1569275433846670190958947355782109563397022776717622640640
200,S,199,199,3138550867693340381917894711564219126794045553435245281280
201,S,200,200,6277101735386680763835789423128438253588091106870490562560
202,M,201,105,6277101735386680763835789423207666416102355444464034512895
203,S,202,202,12554203470773361527671578846415332832204710888928069025790
204,S,203,203,25108406941546723055343157692830665664409421777856138051580
205,S,204,204,50216813883093446110686315385661331328818843555712276103160
206,S,205,205,100433627766186892221372630771322662657637687111424552206320
207,S,206,206,200867255532373784442745261542645325315275374222849104412640
208,S,207,207,401734511064747568885490523085290650630550748445698208825280
209,M,208,0,401734511064747568885490523085290650630550748445698208825281
210,S,209,209,803469022129495137770981046170581301261101496891396417650562
211,S,210,210,1606938044258990275541962092341162602522202993782792835301124
212,S,211,211,3213876088517980551083924184682325205044405987565585670602248
213,S,212,212,6427752177035961102167848369364650410088811975131171341204496
214,S,213,213,12855504354071922204335696738729300820177623950262342682408992
215,M,214,13,12855504354071922204335696738729300820177623950262342682410555
216,S,215,215,25711008708143844408671393477458601640355247900524685364821110
217,S,216,216,51422017416287688817342786954917203280710495801049370729642220
218,S,217,217,102844034832575377634685573909834406561420991602098741459284440
219,S,218,218,205688069665150755269371147819668813122841983204197482918568880
220,S,219,219,411376139330301510538742295639337626245683966408394965837137760
221,S,220,220,822752278660603021077484591278675252491367932816789931674275520
222,S,221,221,1645504557321206042154969182557350504982735865633579863348551040
223,S,222,222,3291009114642412084309938365114701009965471731267159726697102080
224,S,223,223,6582018229284824168619876730229402019930943462534319453394204160
225,S,224,224,13164036458569648337239753460458804039861886925068638906788408320
226,S,225,225,26328072917139296674479506920917608079723773850137277813576816640
227,S,226,226,52656145834278593348959013841835216159447547700274555627153633280
228,S,227,227,105312291668557186697918027683670432318895095400549111254307266560
229,S,228,228,210624583337114373395836055367340864637790190801098222508614533120
230,M,229,13,210624583337114373395836055367340864637790190801098222508614534683
231,S,230,230,421249166674228746791672110734681729275580381602196445017229069366
232,S,231,231,842498333348457493583344221469363458551160763204392890034458138732
233,S,232,232,1684996666696914987166688442938726917102321526408785780068916277464
234,S,233,233,3369993333393829974333376885877453834204643052817571560137832554928
235,S,234,234,6739986666787659948666753771754907668409286105635143120275665109856
236,M,235,18,6739986666787659948666753771754907668409286105635143120275665113951
237,S,236,236,13479973333575319897333507543509815336818572211270286240551330227902
238,S,237,237,26959946667150639794667015087019630673637144422540572481102660455804
239,S,238,238,53919893334301279589334030174039261347274288845081144962205320911608
240,S,239,239,107839786668602559178668060348078522694548577690162289924410641823216
241,S,240,240,215679573337205118357336120696157045389097155380324579848821283646432
242,S,241,241,431359146674410236714672241392314090778194310760649159697642567292864
243,S,242,242,862718293348820473429344482784628181556388621521298319395285134585728
244,S,243,243,1725436586697640946858688965569256363112777243042596638790570269171456
245,S,244,244,3450873173395281893717377931138512726225554486085193277581140538342912
246,S,245,245,6901746346790563787434755862277025452451108972170386555162281076685824
247,S,246,246,13803492693581127574869511724554050904902217944340773110324562153371648
248,M,247,16,13803492693581127574869511724554050904902217944340773110324562153374183
249,S,248,248,27606985387162255149739023449108101809804435888681546220649124306748366
250,S,249,249,55213970774324510299478046898216203619608871777363092441298248613496732
251,S,250,250,110427941548649020598956093796432407239217743554726184882596497226993464
252,M,251,18,110427941548649020598956093796432407239217743554726184882596497226997559
253,S,252,252,220855883097298041197912187592864814478435487109452369765192994453995118
254,S,253,253,441711766194596082395824375185729628956870974218904739530385988907990236
255,S,254,254,883423532389192164791648750371459257913741948437809479060771977815980472
256,S,255,255,1766847064778384329583297500742918515827483896875618958121543955631960944
257,S,256,256,3533694129556768659166595001485837031654967793751237916243087911263921888
258,S,257,257,7067388259113537318333190002971674063309935587502475832486175822527843776
259,S,258,258,14134776518227074636666380005943348126619871175004951664972351645055687552
260,M,259,13,14134776518227074636666380005943348126619871175004951664972351645055689115
261,S,260,260,28269553036454149273332760011886696253239742350009903329944703290111378230
262,S,261,261,56539106072908298546665520023773392506479484700019806659889406580222756460
263,S,262,262,113078212145816597093331040047546785012958969400039613319778813160445512920
264,S,263,263,226156424291633194186662080095093570025917938800079226639557626320891025840
265,S,264,264,452312848583266388373324160190187140051835877600158453279115252641782051680
266,S,265,265,904625697166532776746648320380374280103671755200316906558230505283564103360
267,M,266,15,904625697166532776746648320380374280103671755200316906558230505283564105307
268,S,267,267,1809251394333065553493296640760748560207343510400633813116461010567128210614
269,S,268,268,3618502788666131106986593281521497120414687020801267626232922021134256421228
270,S,269,269,7237005577332262213973186563042994240829374041602535252465844042268512842456
271,M,270,0,7237005577332262213973186563042994240829374041602535252465844042268512842457
272,S,271,271,14474011154664524427946373126085988481658748083205070504931688084537025684914
273,S,272,272,28948022309329048855892746252171976963317496166410141009863376169074051369828
274,S,273,273,57896044618658097711785492504343953926634992332820282019726752338148102739656
275,S,274,274,115792089237316195423570985008687907853269984665640564039453504676296205479312
276,S,275,275,231584178474632390847141970017375815706539969331281128078907009352592410958624
277,S,276,276,463168356949264781694283940034751631413079938662562256157814018705184821917248
278,S,277,277,926336713898529563388567880069503262826159877325124512315628037410369643834496
279,S,278,278,1852673427797059126777135760139006525652319754650249024631256074820739287668992
280,S,279,279,3705346855594118253554271520278013051304639509300498049262512149641478575337984
281,M,280,17,3705346855594118253554271520278013051304639509300498049262512149641478575340521
282,S,281,281,7410693711188236507108543040556026102609279018600996098525024299282957150681042
283,S,282,282,14821387422376473014217086081112052205218558037201992197050048598565914301362084
284,S,283,283,29642774844752946028434172162224104410437116074403984394100097197131828602724168
285,S,284,284,59285549689505892056868344324448208820874232148807968788200194394263657205448336
286,S,285,285,118571099379011784113736688648896417641748464297615937576400388788527314410896672
287,S,286,286,237142198758023568227473377297792835283496928595231875152800777577054628821793344
288,S,287,287,474284397516047136454946754595585670566993857190463750305601555154109257643586688
289,S,288,288,948568795032094272909893509191171341133987714380927500611203110308218515287173376
290,M,289,2,948568795032094272909893509191171341133987714380927500611203110308218515287173379
291,S,290,290,1897137590064188545819787018382342682267975428761855001222406220616437030574346758
292,S,291,291,3794275180128377091639574036764685364535950857523710002444812441232874061148693516
293,S,292,292,7588550360256754183279148073529370729071901715047420004889624882465748122297387032
294,M,293,18,7588550360256754183279148073529370729071901715047420004889624882465748122297391127
295,S,294,294,15177100720513508366558296147058741458143803430094840009779249764931496244594782254
296,S,295,295,30354201441027016733116592294117482916287606860189680019558499529862992489189564508
297,S,296,296,60708402882054033466233184588234965832575213720379360039116999059725984978379129016
298,S,297,297,121416805764108066932466369176469931665150427440758720078233998119451969956758258032
299,S,298,298,242833611528216133864932738352939863330300854881517440156467996238903939913516516064
300,S,299,299,485667223056432267729865476705879726660601709763034880312935992477807879827033032128
301,S,300,300,971334446112864535459730953411759453321203419526069760625871984955615759654066064256
302,S,301,301,1942668892225729070919461906823518906642406839052139521251743969911231519308132128512
303,S,302,302,3885337784451458141838923813647037813284813678104279042503487939822463038616264257024
304,M,303,13,3885337784451458141838923813647037813284813678104279042503487939822463038616264258587
305,S,304,304,7770675568902916283677847627294075626569627356208558085006975879644926077232528517174
306,S,305,305,15541351137805832567355695254588151253139254712417116170013951759289852154465057034348
307,S,306,306,31082702275611665134711390509176302506278509424834232340027903518579704308930114068696
308,S,307,307,62165404551223330269422781018352605012557018849668464680055807037159408617860228137392
309,S,308,308,124330809102446660538845562036705210025114037699336929360111614074318817235720456274784
310,S,309,309,248661618204893321077691124073410420050228075398673858720223228148637634471440912549568
311,S,310,310,497323236409786642155382248146820840100456150797347717440446456297275268942881825099136
312,S,311,311,994646472819573284310764496293641680200912301594695434880892912594550537885763650198272
313,S,312,312,1989292945639146568621528992587283360401824603189390869761785825189101075771527300396544
314,M,313,9,1989292945639146568621528992587283360401824603189390869761785825189101075771527300396739
315,S,314,314,3978585891278293137243057985174566720803649206378781739523571650378202151543054600793478
316,S,315,315,7957171782556586274486115970349133441607298412757563479047143300756404303086109201586956
317,S,316,316,15914343565113172548972231940698266883214596825515126958094286601512808606172218403173912
318,S,317,317,31828687130226345097944463881396533766429193651030253916188573203025617212344436806347824
319,S,318,318,63657374260452690195888927762793067532858387302060507832377146406051234424688873612695648
320,S,319,319,127314748520905380391777855525586135065716774604121015664754292812102468849377747225391296
321,S,320,320,254629497041810760783555711051172270131433549208242031329508585624204937698755494450782592
322,S,321,321,509258994083621521567111422102344540262867098416484062659017171248409875397510988901565184
323,M,322,13,509258994083621521567111422102344540262867098416484062659017171248409875397510988901566747
324,S,323,323,1018517988167243043134222844204689080525734196832968125318034342496819750795021977803133494
325,S,324,324,2037035976334486086268445688409378161051468393665936250636068684993639501590043955606266988
326,S,325,325,4074071952668972172536891376818756322102936787331872501272137369987279003180087911212533976
327,S,326,326,8148143905337944345073782753637512644205873574663745002544274739974558006360175822425067952
328,S,327,327,16296287810675888690147565507275025288411747149327490005088549479949116012720351644850135904
329,S,328,328,32592575621351777380295131014550050576823494298654980010177098959898232025440703289700271808
330,S,329,329,65185151242703554760590262029100101153646988597309960020354197919796464050881406579400543616
331,S,330,330,130370302485407109521180524058200202307293977194619920040708395839592928101762813158801087232
332,M,331,15,130370302485407109521180524058200202307293977194619920040708395839592928101762813158801089179
333,S,332,332,260740604970814219042361048116400404614587954389239840081416791679185856203525626317602178358
334,S,333,333,521481209941628438084722096232800809229175908778479680162833583358371712407051252635204356716
335,S,334,334,1042962419883256876169444192465601618458351817556959360325667166716743424814102505270408713432
336,S,335,335,2085924839766513752338888384931203236916703635113918720651334333433486849628205010540817426864
337,S,336,336,4171849679533027504677776769862406473833407270227837441302668666866973699256410021081634853728
338,S,337,337,8343699359066055009355553539724812947666814540455674882605337333733947398512820042163269707456
339,M,338,16,8343699359066055009355553539724812947666814540455674882605337333733947398512820042163269709991
340,S,339,339,16687398718132110018711107079449625895333629080911349765210674667467894797025640084326539419982
341,S,340,340,33374797436264220037422214158899251790667258161822699530421349334935789594051280168653078839964
342,S,341,341,66749594872528440074844428317798503581334516323645399060842698669871579188102560337306157679928
343,S,342,342,133499189745056880149688856635597007162669032647290798121685397339743158376205120674612315359856
344,S,343,343,266998379490113760299377713271194014325338065294581596243370794679486316752410241349224630719712
345,S,344,344,533996758980227520598755426542388028650676130589163192486741589358972633504820482698449261439424
346,S,345,345,1067993517960455041197510853084776057301352261178326384973483178717945267009640965396898522878848
347,S,346,346,2135987035920910082395021706169552114602704522356652769946966357435890534019281930793797045757696
348,S,347,347,4271974071841820164790043412339104229205409044713305539893932714871781068038563861587594091515392
349,S,348,348,8543948143683640329580086824678208458410818089426611079787865429743562136077127723175188183030784
350,S,349,349,17087896287367280659160173649356416916821636178853222159575730859487124272154255446350376366061568
351,S,350,350,34175792574734561318320347298712833833643272357706444319151461718974248544308510892700752732123136
352,M,351,15,34175792574734561318320347298712833833643272357706444319151461718974248544308510892700752732125083
353,S,352,352,68351585149469122636640694597425667667286544715412888638302923437948497088617021785401505464250166
354,S,353,353,136703170298938245273281389194851335334573089430825777276605846875896994177234043570803010928500332
355,S,354,354,273406340597876490546562778389702670669146178861651554553211693751793988354468087141606021857000664
356,S,355,355,546812681195752981093125556779405341338292357723303109106423387503587976708936174283212043714001328
357,S,356,356,1093625362391505962186251113558810682676584715446606218212846775007175953417872348566424087428002656
358,S,357,357,2187250724783011924372502227117621365353169430893212436425693550014351906835744697132848174856005312
359,S,358,358,4374501449566023848745004454235242730706338861786424872851387100028703813671489394265696349712010624
360,M,359,16,4374501449566023848745004454235242730706338861786424872851387100028703813671489394265696349712013159
361,S,360,360,8749002899132047697490008908470485461412677723572849745702774200057407627342978788531392699424026318
362,S,361,361,17498005798264095394980017816940970922825355447145699491405548400114815254685957577062785398848052636
363,S,362,362,34996011596528190789960035633881941845650710894291398982811096800229630509371915154125570797696105272
364,M,363,2,34996011596528190789960035633881941845650710894291398982811096800229630509371915154125570797696105275
365,S,364,364,69992023193056381579920071267763883691301421788582797965622193600459261018743830308251141595392210550
366,S,365,365,139984046386112763159840142535527767382602843577165595931244387200918522037487660616502283190784421100
367,S,366,366,279968092772225526319680285071055534765205687154331191862488774401837044074975321233004566381568842200
368,S,367,367,559936185544451052639360570142111069530411374308662383724977548803674088149950642466009132763137684400
369,S,368,368,1119872371088902105278721140284222139060822748617324767449955097607348176299901284932018265526275368800
370,S,369,369,2239744742177804210557442280568444278121645497234649534899910195214696352599802569864036531052550737600
371,S,370,370,4479489484355608421114884561136888556243290994469299069799820390429392705199605139728073062105101475200
372,S,371,371,8958978968711216842229769122273777112486581988938598139599640780858785410399210279456146124210202950400
373,S,372,372,17917957937422433684459538244547554224973163977877196279199281561717570820798420558912292248420405900800
374,S,373,373,35835915874844867368919076489095108449946327955754392558398563123435141641596841117824584496840811801600
375,S,374,374,71671831749689734737838152978190216899892655911508785116797126246870283283193682235649168993681623603200
376,S,375,375,143343663499379469475676305956380433799785311823017570233594252493740566566387364471298337987363247206400
377,S,376,376,286687326998758938951352611912760867599570623646035140467188504987481133132774728942596675974726494412800
378,S,377,377,573374653997517877902705223825521735199141247292070280934377009974962266265549457885193351949452988825600
379,S,378,378,1146749307995035755805410447651043470398282494584140561868754019949924532531098915770386703898905977651200
380,S,379,379,2293498615990071511610820895302086940796564989168281123737508039899849065062197831540773407797811955302400
381,M,380,13,2293498615990071511610820895302086940796564989168281123737508039899849065062197831540773407797811955303963
382,S,381,381,4586997231980143023221641790604173881593129978336562247475016079799698130124395663081546815595623910607926
383,S,382,382,9173994463960286046443283581208347763186259956673124494950032159599396260248791326163093631191247821215852
384,S,383,383,18347988927920572092886567162416695526372519913346248989900064319198792520497582652326187262382495642431704
385,S,384,384,36695977855841144185773134324833391052745039826692497979800128638397585040995165304652374524764991284863408
386,S,385,385,73391955711682288371546268649666782105490079653384995959600257276795170081990330609304749049529982569726816
387,M,386,14,73391955711682288371546268649666782105490079653384995959600257276795170081990330609304749049529982569728571
388,S,387,387,146783911423364576743092537299333564210980159306769991919200514553590340163980661218609498099059965139457142
389,S,388,388,293567822846729153486185074598667128421960318613539983838401029107180680327961322437218996198119930278914284
390,S,389,389,587135645693458306972370149197334256843920637227079967676802058214361360655922644874437992396239860557828568
391,S,390,390,1174271291386916613944740298394668513687841274454159935353604116428722721311845289748875984792479721115657136
392,M,391,18,1174271291386916613944740298394668513687841274454159935353604116428722721311845289748875984792479721115661231
393,S,392,392,2348542582773833227889480596789337027375682548908319870707208232857445442623690579497751969584959442231322462
394,S,393,393,4697085165547666455778961193578674054751365097816639741414416465714890885247381158995503939169918884462644924
395,M,394,14,4697085165547666455778961193578674054751365097816639741414416465714890885247381158995503939169918884462646679
396,S,395,395,9394170331095332911557922387157348109502730195633279482828832931429781770494762317991007878339837768925293358
397,S,396,396,18788340662190665823115844774314696219005460391266558965657665862859563540989524635982015756679675537850586716
398,S,397,397,37576681324381331646231689548629392438010920782533117931315331725719127081979049271964031513359351075701173432
399,S,398,398,75153362648762663292463379097258784876021841565066235862630663451438254163958098543928063026718702151402346864
400,S,399,399,150306725297525326584926758194517569752043683130132471725261326902876508327916197087856126053437404302804693728
401,S,400,400,300613450595050653169853516389035139504087366260264943450522653805753016655832394175712252106874808605609387456
402,S,401,401,601226901190101306339707032778070279008174732520529886901045307611506033311664788351424504213749617211218774912
403,S,402,402,1202453802380202612679414065556140558016349465041059773802090615223012066623329576702849008427499234422437549824
404,S,403,403,2404907604760405225358828131112281116032698930082119547604181230446024133246659153405698016854998468844875099648
405,S,404,404,4809815209520810450717656262224562232065397860164239095208362460892048266493318306811396033709996937689750199296
406,M,405,17,4809815209520810450717656262224562232065397860164239095208362460892048266493318306811396033709996937689750201833
407,S,406,406,9619630419041620901435312524449124464130795720328478190416724921784096532986636613622792067419993875379500403666
408,S,407,407,19239260838083241802870625048898248928261591440656956380833449843568193065973273227245584134839987750759000807332
409,S,408,408,38478521676166483605741250097796497856523182881313912761666899687136386131946546454491168269679975501518001614664
410,S,409,409,76957043352332967211482500195592995713046365762627825523333799374272772263893092908982336539359951003036003229328
411,S,410,410,153914086704665934422965000391185991426092731525255651046667598748545544527786185817964673078719902006072006458656
412,S,411,411,307828173409331868845930000782371982852185463050511302093335197497091089055572371635929346157439804012144012917312
413,M,412,18,307828173409331868845930000782371982852185463050511302093335197497091089055572371635929346157439804012144012921407
414,S,413,413,615656346818663737691860001564743965704370926101022604186670394994182178111144743271858692314879608024288025842814
415,S,414,414,1231312693637327475383720003129487931408741852202045208373340789988364356222289486543717384629759216048576051685628
416,S,415,415,2462625387274654950767440006258975862817483704404090416746681579976728712444578973087434769259518432097152103371256
417,S,416,416,4925250774549309901534880012517951725634967408808180833493363159953457424889157946174869538519036864194304206742512
418,M,417,0,4925250774549309901534880012517951725634967408808180833493363159953457424889157946174869538519036864194304206742513
419,S,418,418,9850501549098619803069760025035903451269934817616361666986726319906914849778315892349739077038073728388608413485026
420,S,419,419,19701003098197239606139520050071806902539869635232723333973452639813829699556631784699478154076147456777216826970052
421,S,420,420,39402006196394479212279040100143613805079739270465446667946905279627659399113263569398956308152294913554433653940104
422,M,421,17,39402006196394479212279040100143613805079739270465446667946905279627659399113263569398956308152294913554433653942641
